d5765dc9b4c078161e626ecf938042b3979a81cf,DELETE,regular-file,flatlander/resources/expert_data/out/output-2020-08-07_16-01-59_worker-0_0.json,10737921,
3bd95cf8dab4d5977fc4f45930671f98fce6c2ec,DELETE,regular-file,flatlander/resources/expert_data/out/output-2020-08-07_16-02-01_worker-0_0.json,11484605,
71dd0f1484ce8bc694f70ae12cb2e44d0ca33fd8,DELETE,regular-file,flatlander/resources/expert_data/out/output-2020-08-07_16-02-03_worker-0_0.json,11578143,
37f367cda05ce9b6bd4b6f96c6028e112e5b39fb,DELETE,regular-file,flatlander/resources/expert_data/out/output-2020-08-07_16-02-05_worker-0_0.json,11023763,
c788024e7eafe0fa400d206297153c17f5d45775,DELETE,regular-file,flatlander/resources/expert_data/out/output-2020-08-07_16-02-11_worker-0_0.json,11225429,
24909267cb0ed291366d5a95f222e44568129c27,DELETE,regular-file,flatlander/resources/expert_data/out/output-2020-08-07_16-11-11_worker-0_0.json,10784717,
bf698c4764a1d29bac6fb25d9ce8fb18d73642f1,DELETE,regular-file,flatlander/resources/expert_data/out/output-2020-08-07_16-11-55_worker-0_0.json,10761089,
3bfe83bae7b5c43470e5694d9ecd27840a8721b2,DELETE,regular-file,flatlander/resources/expert_data/out/output-2020-08-07_16-12-36_worker-0_0.json,11359417,
87891039d9926442967544676d3259808f5e1554,DELETE,regular-file,flatlander/resources/expert_data/out/output-2020-08-07_16-12-50_worker-0_0.json,11225595,
9bffbd03812b1b7f40946f7d77f24b18e47b5ca1,DELETE,regular-file,flatlander/resources/expert_data/out/output-2020-08-07_16-22-21_worker-0_0.json,10906635,
fa12596af03f535fc5b7b602a1e44a28ffd3c4cd,DELETE,regular-file,flatlander/resources/expert_data/out/output-2020-08-07_16-22-37_worker-0_0.json,10814887,
5e0e0edbff1df426876d03264809a4d5e14a75ab,DELETE,regular-file,flatlander/resources/expert_data/out/output-2020-08-07_16-23-44_worker-0_0.json,10973706,
1fbd302716a46c557ededb1fc6dd8dc0e0a6e883,DELETE,regular-file,flatlander/resources/expert_data/out/output-2020-08-07_16-33-52_worker-0_0.json,11025076,